"What kind of pet is this (Dog, Cat, Bird, Other)","Pet's Full Name (you don't have to include your last name. Think ""Winston Churchill"" and not ""Winston Churchill MYLASTNAME"")","Pet's everyday name (e.g. ""Church"")",Pet's age,Pet's breed (if applicable)
Dog,Widget,Widget,5,Mini Dachshund
Dog,Stella Bo Bella,Stella,6.5,Mutt
Dog,Tilly,Tills,13,Chocolate Labrador
Dog,Peter Peter Pumpkin Eater,Petey,5,Pit Bull
Dog,Remy,Rem,1,Unknown
Dog,Oreo,Oreo,7,Some Kind Of Mix
Dog,Ljus  (Swedish word for light),Ljus,14 Weeks,Golden Retriever
Dog,Bambi,Bambs,3,Unknown
Dog,Layla ‚ÄòThe Tank‚Äô,Layla,3,Pit Bull
Dog,Benny and the Jets,Ben,1,Mastiff/great Dane
Dog,Milo,Milo,7,Bichon Frise
Dog,Mocha,Mocha,3,Pitbull/terrier
Dog,Shadow,Shadow,15 ¬Ω,Golden Retriever
Dog,Luna,Luna,1,Great Pyrenees
Dog,Cody,"Baby, Pookie",13,Black Lab/cocker Spaniel Mix
Dog,Oatmeal,Oatmeal,7 Months,Golden Retriever
Dog,Ginger,Nugget,10,Chihuahua
Dog,Starbuck Louise,Starbuck,4,Goldendoodle
Dog,Mocha Antoinette,Mocha,7,Mutt
Dog,Oscar,Oscar,10,Shepherd Retriever Mix
Dog,Magnolia Mae,Noli,2.5,Great Pyrenees/lab
Dog,George Cooper,Georgie,2,Golden Retriever
Dog,Cayenne,Cayenne,8,German Shepherd
Dog,Olive Oil,Olive,2,Australian Shepherd
Dog,Brook,Brookie,7,Golden Retriever
Dog,Sparkie,"Spark, Sparkie, sparkle",4,Mutt
Dog,Max,Maxie,16,Carin Terrier/ Kerry Blue Terrier/ Keeshond
Dog,Howard,Howie,10,American Staffordshire Terrier Mix
Dog,Ella Fitzgerald,Ella,12,Heinz 57
Dog,Josephine Bakes,Josie,5,Pit Bull/lab Mix
Dog,Lennie,Lennie,2,Treeing Tennessee Brindle
Dog,Cody James,Buddy,1.5,Golden Retriever
Dog,Jake,Jake,2,Golden Retriever/husky/shepherd/jack Russell
Dog,Gail,Gail,3,Treeing Tennessee Brindle
Dog,Lucky,"Luck, Luckboy, Luck duck","3, We Think (he‚Äôs A Rescue)","Jack A Bee (half Jack Russell, Half Beagle)"
Dog,Darcy,Darcy,3,Working Cocker Spaniel
Dog,Luke Anakin,Luke,9,Golden Retriever
Dog,Sadie,Sadie Pot Pie,10,Mix
Dog,Hazel Nut,Hazel,3,Australian Shepherd
Dog,Bourbon,Bourbon,3,Mix
Dog,Riley,Smiley Riley,13,Golden Retriever
Dog,Mr. Nubs,Mr. Nubs,16,Corgi
Dog,Bentley,Bentley boy,3,Australian Labradoodle
Dog,Fenway,Fenway,6,Boston Terrier
Dog,Benelli,Name,3,Black Lab
Dog,Washington the Destroyer,Wash,6.5,Chocolate Lab
Dog,Philomenos,"Philo, Phil, phi phi",9,Portuguese Water Dog
Dog,Stampy Wiggles,Stampy,10,Goldendoodle
Dog,Jasmine,Jaz,5,Golden Retriever
Dog,Emma,Puppy,1,Chocolate Lab
Dog,Winston,Wintin,4,Wire-haired Mutt
Dog,Torchenay Be Cool,Max,13,Beagle
Dog,Brutus,Brutus,7,Yellow Labrador Retriever
Dog,Lucu,Puppy,7,Black Lab/ Blue Heeler
Dog,Mosephine,Mo,1,Standard Poodle
Dog,Abegeweit,Abi (Abby),16,Fox Terrier Mix
Dog,Kramer,Kray Kray,12,Golden Retriever
Dog,Rusty,Wusty,5,Golden Lab
Dog,Demi,"Dems, demi dog, the queen",6,"Mixed (dachshund, Basenji, Australian Cattle Dog, Rescue)"
Dog,Alfredog,Alfie,11,Mutt - Mostly Jack Russell
Dog,Shorty Do-Op,Shorty,15,Mutt
Dog,Penny,Penny,3,Australian Shepherd
Dog,Tuxedo,Tux,18 Months,Schnauzer
Dog,Sally,Sally,7,Golden Retriever
Dog,Lola,Lola,6,Mixed Breed
Dog,Gustav,Goober,10,German Shepherd Mix
Dog,Poppy Sue Galushka Clementine,Poppy,4,Treeing Walker Coonhound
Dog,Duke,Duke,3,Australian Shepherd
Dog,Millie,Mills,7,Jack Russell Terrier
Dog,Sir Winston of Weston,"Winston , Winnie",10,Golden Retriever
Dog,Angus OgDog Dogga McDuff,Angus,At 13,West Highland Terrier
Dog,Lady,Doofus,6,Chocolate Lab Mix
Dog,Maggie Peaches,Maggie,13,Bichon Poodle
Dog,Camembert,Cami,5,Bernese Mountain Dog
Dog,Shadow,Shadow,3,Saluki
Dog,archer,archer,3,Golden Retriever
Dog,robbie,robz,1.5,Whippet
Dog,Roxy,Roxy,8,Pit Bull
Dog,Ashton Sebastian,Ash,9,Pit Bull Mix
Dog,Maximum,Max,10,Puggle
Dog,Rosalind Pearl,Rosie,5,Border Collie Mix
Dog,Chyna,Chyna,16,Little Terrier Poodle Mix
Dog,Sadie,Sadie,4,Cockapoo
Dog,Flynn,Flynn,11 Months,Corgi
Dog,Loki,Loki,3,
Dog,Trixie,Trix,3,"Toy Fox Terrier / Yorkie (""torkie"")"
Dog,Birdy,Birdy,4,Pomeranian Mix
Dog,Vince,Vincie,11,Yellow Lab
Dog,Cobert,Cob,2,Dalmatian
Dog,Jack Daniel,Jackie,3,Chocolate Lab
Dog,Crinkle,Crinkle,7,Mongrel
Dog,Maisy Lynn Marie,Mimsy,6,Beagle Mix
Dog,Beemer,Beemo,7,Aussie Doodle
Dog,Mac,Mac,5,Boxer/mastiff Mix
Dog,Maximillion Taxi,Max,9,Lab Mix
Dog,Krypto,Dinky,6,Golden Retriever
Dog,Bo Jangles,Bo,9-10 Mo,Husky/boxer
Dog,Brixton,Brixie,1,Golden Retriever
Dog,Jasper,Jasper,10,Miniature Labradoodle
Dog,Shadow Montgomery,Lovebug,2,Golden Retriever
Dog,Scout,Scout,14,Beagle
Dog,Libby,Libby,12,Golden Retriever
Dog,Jasper Tucker Oaf,Jasper,11,Black Lab
Dog,Tazmanian Devik,Taz,9,Mutt
Dog,Iggy Pup,Iggy,4 Months,Miniature Double Doodle
Dog,Lilly,Lilly,12,Labrador Retriever
Dog,Furrdinand,Furrdie,10,Pomeranian
Dog,Monster Mayhem,Doodle,8,Dachshund
Dog,Watson,Watson,6,Labrador Retriever
Dog,Shine,Shine,12,Hound Mix
Dog,Freeney Schnurpel,Freenster,13,Shih Tzu
Dog,Bella Jean,Bella,No Longer With Us :(,Chihuahua/yorkie Mix
Dog,Ratchet,Ratchie,5,Pug/dachshund
Dog,Clifford,Clifford,4,Clumber Spaniel
Dog,Goose,Gooby,1,Rat Terrier Mix
Dog,Magnus,Munchkin,7,Cairn Terrier
Dog,Shiloh‚Äôs Dixie Skye,Dixie,8,Mini Schnauzer
Dog,Bootsie,BootsToots,17,Terrier Mix
Dog,Mindy,Mindy,10,Black Lab
Dog,Spock,Spock,7,Mix
Dog,Merlin,Mer-dog,12,Chesapeake Bay Retriever
Dog,Sylvia Plath,Sylvia,3,German Shorthaired Pointer
Dog,Smokey Neyland,Smo,9,Schnoodle
Dog,Rufus Tee Hilderbrec,Rufus,11,Shih Tzu
Dog,Baillie,B or B-Dog,7,Border Collie
Dog,Sebastian,Bash,4 Months,Maltipoo
Dog,Tess,Tess,13,Border Collie Cross
Dog,Zorro,Z,8,Long-haired Chihuahua
Dog,Deacon,Deac,11,Chesapeake Bay Retriever
Dog,Robert Ferguson Mooney,Bobby,6,Golden Retriever
Dog,James buchanan barnes,Bucky,2,
Dog,Buddy Boy,Buddy,16,Cocker Spaniel
Dog,Belle Watling,Belle,2,Maltese
Dog,Magladon wagladon,Maggie,1,Old English Sheepdog
Dog,Bella,Bella,14,
Dog,Sophie,Sophie,11,Golden Retriever
Dog,Stewart Little,Stewie,16,Pomeranian
Dog,Sadie,Sadie,11 Months,Golden Retriever
Dog,Ashley Wilkes,Ash,11,Yorkie Poodle
Dog,Oliver Jospeh Andrew,Oliver,11-12 (deceased),Golden Mix
Dog,Rhett,Rhetters,12,English Springer Spaniel
Dog,Lily,Lil,5,Golden Retriever
Dog,Cookie,CookieMonster,8,Shih Tzu
Dog,Brutus,Brutus,10,Great White Pyrenees/yellow Lab
Dog,Ralph,Ralph,4 Months,Golden Retriever
Dog,Kurt,Kurtis,2,Black Mouth Cur
Dog,Lyra Cristina,Lyra,9 Mos,Mixed Breed
Dog,Bailey bear,Bay girl,6,Lab And German Shepherd Mix
Dog,Brooklyn,Brooklyn,Two,Beagle
Dog,Champion Craig,Champ,14,Beagle Mix
Dog,Lennox,Lenny,4,Shih Tzu
Dog,Sullivan Otis,Sulley,10,Catahoula Leopard
Dog,Hank,Hanky panky,1,Black Mouth Cur
Dog,Allie Nichols,Allie,5,Mutt
Dog,Lila,Lila,5,Newfoundland
Dog,Liberty Louise,Libby,9,English Springer Spaniel
Dog,Jimmy,JimmyJamSunshineMan,5,Shih Tzu
Dog,Rocky,Rocko,9,Rottweiler
Dog,Sheldon Michael,Shel,7,Westin/min Pin
Dog,Jackson,Pupper,3,Australian Blue Cattle Dog
Dog,Maxwell Amos,Max,10,Catahoula Leopard
Dog,Margaret Lewis,Maggie,11,Mutt
Dog,ginger,Geeper Creeper,10,Golden Mix
Dog,Gator,Tate,8,Rottweiler/irish Setter
Dog,Badger,Badger,12,Dachshund
Dog,Beauregard,Beau,22,Golden Retriever
Dog,Buffy,Buffy and/or Buffalo,8,Beagle/jack Russel
Dog,duque,duque,1,Mixes
Dog,Mika,Mika,5,Husky
Dog,Scarlett,Little Girl,8,Border Collie
Dog,Macy,Macy,11,Golden Retriever Mix
Dog,Gromit Walker,Gromit,8,Golden Retriever
Dog,Gracie Lou Freebush,Gracie,9,Black Lab/angel
Dog,River,River,14 Weeks,Husky
Dog,Olaf,Olaf,4,Chihuahua
Dog,Buttons,Buttons (sometimes with a french accent),2,Beagle
Dog,Stevie James,Steve,9,Maltipoo
Dog,Mila,Crusty,14,Rottweiler Mix
Dog,Murphy,Murph,5 Yesrs,Golden Retriever
Dog,Oscar the Amazing VelcroDog,Oscar,12,Terrier Mix
Dog,Poppy,Poppy,4,Shih Tzu
Dog,Ellie Mae,Ellie,13,Cocker Spaniel
Dog,Snowy,Snow,11,Shih Tzu
Dog,Bruno,Bruno,4,Border Collie
Dog,Mona,Mona,12,Bluetick Beagle
Dog,Yaz,Yazzy,11,Golden Retriever/border Collie
Dog,Princess Leia Organa,Princess,,Mutt
Dog,Oakley,"Oak, oakey-doke",3,Shih Tzu
Dog,Tinkerbell,Tinky,4,Chihuahua
Dog,Beckett,Beckett or Becky,9,Golden Retriever
Dog,Logan,Logan,10,Black Lab
Dog,Daisy Grace,Daisy,8,Mix
Dog,Lila Betterhalf,Lila,13,Greyhound
Dog,Tula Jean,Tula,1,
Dog,Odin,Odin,1,Mix
Dog,Annie Piker,Annie,8,Greyhound
Dog,Rusty,Rusty,4,Golden Retriever
Dog,Stella Luna,Stella,4,Lab Mix
Dog,Pancho Villa,Pacho,12,Pug
Dog,Waldo,Waldo,9,Cockapoo
Dog,Yadier,Yadi,4,Golden Retriever
Dog,Ruby Gem,Ruby,4,Terrier Mix
Dog,BuddyGus,Buddy or Boo,20 Months,Golden Retriever
Dog,Homer,Homie,5,Springer Spaniel
Dog,Pippie,Pippie or Pippo,2,Pit Bull/ Bassett Hound Mix
Dog,Parker,,6,Beagle
Dog,Chipper Doodle,Chip,12,Chocolate Lab
Dog,Jack,Jack,7,Labrador Retriever
Dog,"Xena, Warrior Pinscher",Xena,14,Miniature Pinscher
Dog,Gabby,Gabby,2,Golden Retriever
Dog,Rosebud,Rosie,10,Beagle
Dog,Cooper,Coopee,10,Yorkiepoo
Dog,Shakota,Shakota,12,Siberian Husky
Dog,Wilbur,Wilby,7,French/english Bulldog
Dog,Finn T. Dog,Finn,5 Months,Weimaraner
Dog,Baylee,"Baylee Boo, Taps",2,
Dog,Sprocket,"Bark, sprock, spark",15,"Mutt (rescue, Some Golden Retriever, Some Jack Russell, Some Whippet)"
Dog,Sophie,Sophie,13,Maltese Mix
Dog,Sasha,Chunk,1,Lab/shepherd
Dog,Kookie (pronounced cookie) Pants,Noodle,15,Jack Russell Terrier
Dog,Miss Maisy Cakes,Maisy,1,Rescue Mutt
Dog,Han Solo,Solo,3,English Cocker Spaniel
Dog,Lillith Anne,Lily,6,Alaskan Husky
Dog,Michelangelo,Mikey,11,English Cocker Spaniel
Dog,Freddie Beagle,Fred or Freddie,11,Beagle
Dog,Pieper,Pooper,4,
Dog,Jacob,Jake,6,Alaskan Husky
Dog,Titus Augustus,Tidy,9,American Foxhound
Dog,,Cirrus,2,Poodle
Dog,Shelby,Shelby,14,Labrador Retriever
Dog,,Nimbus,0.5,Poodle
Dog,Finn,Finn,1,Cavalier King Charles Spaniel
Dog,Tessie Joan (of Arc),Tessie,7,American Foxhound
Dog,Ginger,Ginger,12,Golden Retriever
Dog,Sadie,Sadie,6,Golden Retriever
Dog,Flicka,Flicky,12,Labrador Retriever
Dog,Koda Kingslayer,Koda,2,Golden Retriever
Dog,Flicka,Flicky,12,Labrador Retriever
Dog,Maggie,Ms America,7,Golden Retriever
Dog,Henry (after Dorian Grey),Henry,1,Brittany
Dog,Megan,Puppy,10,Mutt
Dog,Hopper T. Dog,Hops,6,Golden Retriever
Dog,Snickers,Snickers,10,Beagle Mix
Dog,Venkman,Venk,5,Golden Retriever
Dog,Murphy,Murph,0.5,Cocker Spaniel
Dog,Maggie,Schmieg,12,Golden Retriever
Dog,Jasmine,Jasmine,13,Golden Retriever
Dog,Hurley Pearly Sky-Sky,Hurley,7,Shih Tzu
Dog,Queso,Queso,14,Golden Retriever
Dog,Breezy Anne,Breezy,5,German Shepherd
Dog,Riley,Riley,7,Golden Retriever
Dog,Homer J,Homer,10,Basenji Mix
Dog,Tucker,Tucker,7,Golden Retriever
Dog,Abby,Abby,3,Pit Bull/lab/beagle/chihuahua Mix/general Mutt
Dog,Cooper Triple Bogey,Coop,9 Weeks,Golden Retriever
Dog,Shelby,Shelby,1,Blue Tick Coonhound/mountain Cur
Dog,Oakley Dalton,Oaks,6,
Dog,Lucy Lou,Goose,9,Golden Retriever
Dog,Niles Crane,Niles,4,Border Collie
Dog,Little Lucky One,Lucky,13,Chihuahua
Dog,Benjamin Sebastian,Benjamin,7,Collie Basset Hound Mix.
Dog,Siris Maximus,Sirius,5,Alaskan Husky
Dog,Blaze,Blaze,5,Labrador Retriever
Dog,Brody,Brody,11,Yorkshire Terrier Mix
Dog,Director of Chaos,D.O.C.,4,Boxer
Dog,Cody,Codes,11,Golden Retriever
Dog,Emma,Rotta,6,Mittelspitz
Dog,Isabella Grace,Bella,7,Maltese
Dog,Cookie Boogie,Boogie,3,
Dog,Salina,Salina,2,Hound Mix
Dog,Theodore James,Theo,5,Maltese
Dog,Ofelia,Ofie Lofie,15,Norwich Terrier
Dog,Hermie,Hermie,3-4,Chocolate Lab/pit Mix
Dog,Jackson Baines Hardin,"Jackson, Jack",14,Shepherd Mix
Dog,Rudy,Rudy,12,Black Lab
Dog,Chuchi,Baby Chu,9,Toy Poodle
Dog,Belle Silver,Bobo,3,Brittany
Dog,Phoebe Buffay,Phoeb,4.5,Staffordshire Terrier
Dog,Precious Presley,Presley,1,Lab Mix
Dog,Sarah Jessica Parker,Parker,8,Beagle
Dog,Princess Leah,Leah,8,Miniature Schnauzer
Dog,Mr Duke of Carol Stream,Boo-Boo,10,Labrador Retriever
Dog,Bruno Mars,Bruno,4,Shih Tzu
Dog,Reggie,Reg,8,Border Collie
Dog,Twixie,Gooben,2,Heinz 57
Dog,Kody,Kode,10,Golden Retriever
Dog,Maverick Clinton,Maverick,10,Labrador Retriever
Dog,Sven,Bean,5,German Shepherd
Dog,Lola,Lola,11,Poodle Mix
Dog,Sophie,Sophie,2,Rottweiler
Dog,Lily Potter,Lil,2,German Shepherd
Dog,Dougie McFly,Dougie,11,Cairn Terrier
Dog,RileyRoo,Riley,2,Mutt
Dog,Dobby,Boober,4,Pembroke Welsh Corgi
Dog,Lando,Lando,5,Bernese Mountain Dog
Dog,Tucker Paul,Tuck Tuck,6,Pit Bull
Dog,Schnitzel Von Krumm,Ninnel,11,Miniature Dachshund
Dog,Wrigley,Wriglry pigley,13,Beagle
Dog,Wally,Wal,4 Months,Golden Retriever
Dog,Snickers,Doodle,11,Beagle
Dog,Charlie,Charlie,9,Cockapoo
Dog,Pepper,Pep,9.5 Months,Cocker Spaniel
Dog,Brownie,Brownie,13,Beagle
Dog,Echo,Beck,3,Corgi Mix
Dog,Banky,Banky,10,Basset Hound
Dog,Koda,Koda,6,Chihuahua
Dog,Clifford,Cliff,6,Labrador Mix
Dog,Coco,Coco Bear,7,Morkie (maltese/yorkie)
Dog,Charlie,Charlie,8,Pit Bull
Dog,Mojo,Moj,5,Chiweenie
Dog,Hank,Hank,2,Boxer Mix
Dog,Sebastian,Fritz,15,Italian Greyhound And Jack Russell
Dog,Hank,Hanky,2,Yellow Lab
Dog,Ella,Ells Bells,14.5,Cocker Spaniel
Dog,Frappuccino,Frappie,7,Labradoodle
Dog,Gracie,Grace,12,Shih Tzu
Dog,Phoebe,Phoebe,2,Goldendoodle
Dog,Uma Strawn McGuire,Uma,4,Golden Mix
Dog,Buster,Boop squared,13,Terrierist
Dog,Eva Marie,Eva,3,Chihuahua
Dog,Mia Hamm,Mia,11,Golden Retriever
Dog,alia atreides,allie,5,Mutt
Dog,lexie,lex,10 Months,Golden Retriever
Dog,Bernard,Bernard,5,Boxer
Dog,Myles - his roman name is Squirtacus Mylonius,Myles,10,Cockapoo
Dog,Millie,Millie,9.5,Shepherd Mix
Dog,Bodhi,Bo,6,Golden Retriever
Dog,Mooch,Mooch,9,Terrier Mix
Dog,Piper,Pipes,4,Woodle (wheaton Terrier/poodle)
Dog,Charles,Charlie,10,Corgi
Dog,Willow,Willow,3,Sheepadoodle
Dog,Glamis Schedule K1,Kona,5,Golden Retriever
Dog,Bandit Raye,Bandi,12,Farm Dog
Dog,Anderson,Andy,12,Lab Mix Rescue
Dog,Mars Harambe,Pickle,3,Catahoula Mix (maybe? Don‚Äôt Really Know)
Dog,Claudio Atlas Wolfric,Claudio,8,Dachshund
Dog,Lawson H Dog,Hogan,16,Briard
Dog,Tucker,"Tucker, dude, bud",1,Bully Mix
Dog,Ames,Ames,5,Husky
Dog,Franc,Franc,4 Months,Mastiff Cross
Dog,Oliver Jackson,Oliver/Baby/Little Man,5.5,Morkie
Dog,Dolly Doodle Dogger,Dolly,6,Labradoodle
Dog,Cassie,Cassie,5,Mix
Dog,Logan,Logan brogran,Two,Rhodesian Ridgeback
Dog,Basil,Basil,7,Lab/german Shepard Mix
Dog,Marble,Marble,5,Plott/coonhound Mix
Dog,Hollie,Hollie,14,Westie
Dog,Cash Money,Cashie,2,Labrador Retriever
Dog,Seamus,Shamie Bameee,11,Rhodesian Ridgeback
Dog,Nash,Nash,2,Labrador Retriever
Dog,Sian Ben Ryan,Sian or Sisi,14,Westie
Dog,Bear 2,Bear,7.5,Retriever Mix
Dog,Charles Barrath McIntyre,Barry,6,Basset Hound
Dog,Margeurite Larioux Gonzales,Maggie,6,Chihuahua-lab
Dog,Rusty,Rusty,2,Fox Red Lab
Dog,Starfire,Star,15,Maltese Poodle
Dog,Nova,Nova,3-feb,"Mixed Breed (pomeranian, Papillon, Chihuahua, Cavalier)"
Dog,Dinty,The Dint,5,Terrier Mix
Dog,Kadie Jo,Kadie Jo,6,Labrador Retriever
Dog,Daisy Duke,Daisy,4,Siberian Husky/brittany Spaniel Cross
Dog,Sunny Sunday Sky,Sunny,15.5,Beagle
Dog,Bailey,Bailey,3,Border Collie Mix
Dog,Bosco Spaghettio,Bosco,9,Border Collie Mix
Dog,Tansei,Duffus,7,Shiba Inu
Dog,Molly,Molly,16,Golden Retriever
Dog,Duke Dukington,Duka,3,Chihuahua Mix
Dog,Prince Phillip the 2nd,"Phillip, Daddy-o",12,West Highland White Terrier
Dog,Petey,Petey poopoo head,11,West Highland White Terrier
Dog,President Nixon,Nixy,8,Mixed Breed (looks Very Hound-y)
Dog,Daisy Doodle Fat Kid with Butt Spots,Daisy,4,Hound X
Dog,Benry of Willowbrook,Benry,8,Golden Retriever
Dog,Qoda,Qoda,2.5,Golden Retriever
Dog,Ziggy Starsog,Zig,1.5,Hound X
Dog,Samuel Labrador,Sam,13,Labrador
Dog,Bentley Boy,Bentley,13,Shi-tzu/bichon
Dog,Taco Belle,Taco,So So,Taco
Dog,Pluto,Pluto,,Golden Retriever
Dog,Toby,Toby,6,Beagle Mix
Dog,Harlee,Harlee,3,Anatolian Shepherd
Dog,Nessa,Nessa,1,Golden Retriever
Dog,Biscuit Bandit,Bandit,3,Labrador
Dog,The Real Slim Sadie,Sadie,1.5,Golden Retriever
Dog,Quincy Sugarplum,Quincy,3,Golden Retriever
Dog,Skipper Doo,Skip,4,Yorkie
Dog,Sam Ruffalo,Sam,6,Golden Retriever/lab Mix
Dog,Brutus Buckeye,Brutus,Just Passed Away At Age 11,Golden Retriever
Dog,crespo,crespo or baby üòÇ,12,Shihtzu And Mixed
Dog,Rossignol,Rozzie,,Siberian Husky
Dog,Pepper,Pepper,4,Mix
Dog,Amaya,Maya,6,Siberian Husky
Dog,Tiger,Tiger,12,
Dog,Bonnie,Bonnie,8,Westie
Dog,abby,abby,11,Cavalier King Charles Spaniel
Dog,Cooper,Coop,7,Labrador
Dog,Chase,Chase,3,Husky Mix
Dog,Riley Jenkins,Riley,18 Months,Golden Retriever
Dog,Montgomery T Dog,"Monty, monkey, monkeyrunk,",2,Dalmatian Labrador Cross
Dog,Nana Roo,Nana,5,German Shepherd
Dog,Callie,Cal Gal (the golden),3,Golden Retriever
Dog,Rocco Norbert,Rocco,10,Golden Retriever / Chow
Dog,Jack,Jack,3,Terrier Something Or Other
Dog,Ted,Ted,6 Months,Welsh Terrier
Dog,Jaida Lynn,Jaida,12,Black Lab / Terrier
Dog,Daisy Lulu,Daisy,9,Toy Poodle
Dog,Titus,Titus,7,Lab
Dog,Cookie Asparagus,Cookie,11,Chihuahua Jack Russell Terrier
Dog,Tessa Leigh,Tessa,11,Labradoodle
Dog,Ali,Ali,5,Greyhound
Dog,Daisy,Daisy/Dandelion,4,Lab Mix
Dog,Lucky,Luck luck,5,Lab
Dog,Harper Jean,Harper Jean,1.5,German Shepherd Mix
Dog,Max-well,Max,Six,Golden Retriever
Dog,Mica,Mica,6,Lab Mix
Dog,Sylvester Balboa,Sly,6,Golden Retriever
Dog,Mia Roo,Mia,11,Australian Shepherd
Dog,Casper Tiberus,Casp,4,Mix
Dog,Chummy,Chumbles,5,Labradoodle
Dog,Luna Bean,Luna,7,Italian Greyhound X Chihuahua
Dog,Sofie Tooter Scooter,Sofie,7,Chihuahua
Dog,Mojo,Mojo,5,Labradoodle
Dog,Grace,Grace,1 Year,Mix
Dog,Frankie,Frankie,1,Mix
Dog,Osa,Osa,9,Akita Husky Mix
Dog,Dixie,Dixie,12 Or 13,Pit Bull Mix
Dog,Nina,Nina,7,West Highland Terrier
Dog,Rachel,Rachel,8,Schnauzer
Dog,Piper,Piper,9,Labrador Retriever (chocolate)
Dog,Bella,Belly,10,Yorkie
Dog,Queen Khaleesi,Queenie,12,Mountain Dog Mix
Dog,Bridget,"Bridgy, Pookie bridge",15,Mutt
Dog,Bodacious,Bodie,14,Black Labrador Retriever
Dog,Mama Rose,Rosie,7,Pit Bull
Dog,Augustus,Gus,Almost 8,Golden Retriever
Dog,Tater,Tater,3 Months,Labrador & Great Pieraneese
Dog,Beverly Ann,Beverlana,13,Golden Retriever
Dog,Cora Smalls,Cora,3,Havanese
Dog,Jasper,Jasper,16,Dalmation/beagle
Dog,Caleb,caliber,1.5,Blue Tick Coon Hound
Dog,Tonka,"Tonks, Tonkers, Sir Tail",8,Newfoundland
Dog,Hank,Baby,2,Boxer
Dog,Brandy,Puddin,5,Pit Bull/lab Mix
Dog,Sir Squeaksalot the Second,Twoie,9,Chinese Crested Powder Ouff
Dog,Colby Jack,Jack,5,German Shepherd
Dog,Cooper,Coop,6 Weeks (is Coming Home In 2 Weeks!),Labradoodle
Dog,Murphy,Murph,1,Goldendoodle
Dog,phineas,,7,Irish Soft-coated Wheaten Terrier
Dog,Peach,Peach,2,Mix
Dog,moose alexander,moose,8 Months,Maltipoo
Dog,Ruby,Ruebs,6,Rhodesian Ridgeback
Dog,Ruby,Ruby,4,Labrador Retriever
Dog,Min Ottende Bold,Otte,9,Black Labrador
Dog,Min fine Nimina Beana,Mina,6,Yellow Labrador
Dog,Lucy,Lu,3,Great Pyrenees
Dog,lucy lu,luey,4,Basset Hound
Dog,Katniss Underfoot,Katniss,9,Pit Bull Ish
Dog,Sadie,Sayd,13,Border Collie
Dog,Coco  Chanel mademoiselle,Coco,5,Golden Retriever
Dog,Maggie,Mags,8,Border Collie
Dog,Gunner baker,Gunner,12,Lab
Dog,April in Paris,Paris,6,Golden Retriever
Dog,Felix,Felix,2,
Dog,Woodruff,Woody,10,Saint Bernard/cocker Spaniel
Dog,Kitty take your gloves off,Reba,8,Golden Retriever
Dog,Mulligan,Mull,12,Golden
Dog,Loki,Loki aka goof ball,8 Months,Golden Retriever
Dog,Okemo,Okemo,8,Australian Cattle Dog
Dog,Beau,Beau,1 1/2,Golden Retriever Mix
Dog,Zack attack,Zack,10,Golden Retriever
Dog,Kendall,Kendall,4,Hound Lab Mix
Dog,Bailey,Bailey,1,Lab/pointer
Dog,Ranger,Ranger,11,German Shepherd/husky
Dog,Dan,Dan,12,Basenji Mix
Dog,Sir Maximillion of Binghamton,Max,10,Golden Retriever
Dog,Freya,Freya,3,Pointer/sharpei
Dog,Jackson,Jax,14,Golden Mix
Dog,Kurama,Kdog,3,
Dog,Luchik,Luchik or Luci,5,White German Shepherd-husky
Dog,Pippi Hyde,Pippi,11,Cocker Spaniel
Dog,Pearly,Pearl,5.5,Husky Mix
Dog,Walter,Walty,Six,Spaniel Mix
Dog,Buddy of Bailey's Irish Cream,Buddy,11,Black Lab
Dog,Belle,Belle,15,Golden Retriever
Dog,Zoe Marie,Zoe,6,German Shepherd Mix
Dog,Wilson,Wilson,4,Lab Mix
Dog,Reesie,Reesie,14,Yorkshire Terrier
Dog,Bocephus Ray,Bo,6,German Shepherd Mix
Dog,Gunner,Gunny,5,Yellow Lab
Dog,Stella,Stella,12,Daschund Mix
Dog,Bailey's Irish Cream,Bailey,13 (crossed Rainbow Bridge 2016),Black Golden Retriever (gr/choc Lab)
Dog,Poppy,Pops,16,Jack Russell
Dog,Nina,Beans,12,Flat Coated Retriever
Dog,Charlotte,Char,4,Beagle/jack Russel
Dog,Ms. Cuddles,Cuddles,13.75,Chiffon (shih Tzu/brussels Griffon)
Dog,Wayne Rooney,Roo,13,Border Collie
Dog,Snack,Snack,2,Rottweiler/cocker Spaniel Mix
Dog,Hazel,"Zelly, ZZ, Hayzelly",3,Golden Retriever
Dog,Luna Calamity Barnes,Luna,9,Mutt
Dog,Hiro Barnes,Hiro,5,Mutt
Dog,Ramsey,Ramsey,4 Months,Labrador
Dog,Stella Diane,Stella,6,Havanese Type Mix
Dog,Trigger,Trig,4,Labrador Retriever
Dog,H√©lo√Øse,H√©lo√Øse,9-11 (est.),Papillon Mix
Dog,Scout McGee,Scout,12,Spitz
Dog,Milo,Milo,2,Golden Retriever
Dog,Kolbie,Kolbie,10,Beagle
Dog,Rhyannon's Princess Nikita,Nikki,10.5,Siberian Husky
Dog,Malcolm P. Dog,Malcolm,17,Mix/mutt/disaster
Dog,Maxwell T. Bone,Max (Alias: BrownDog),11,Chocolate Lab
Dog,Indy,Indy,8,Poodle/beagle
Dog,Cody Fluffball,Cody,11,Golden Retriever
Dog,Fudge,Fudgie,6,Pug/beagle Mix
Dog,Mia,Mia,13,Golden Retriever
Dog,Megan Gabriela Ortega,Moo,11,Boxer
Dog,Bel,Bel,7,Cocker Spaniel
Dog,Artie,Artie Party,14,Golden Retriever
Dog,Snickers,Snickers,9,Beagle/german Shepherd Mix
Dog,Blue,Blue,7,Blue Heeler Mix
Dog,Wally,WaWa,2,Golden Retriever Mix
Dog,Copper,Copper,10,Chihuahua Mix
Dog,Juliet,Jules,2,Pit Bull
Dog,Dasher,Dash,8,Spanador
Dog,Grace,Gracie,5,Labrador Retriever
Dog,Ruby,Ruby,12,Mutt
Dog,Levi,Lee,6,Australian Shepherd
Dog,Elle Loki Bean,Bellie,1,Boxer Mix
Dog,Dorthea Dix,Doge,5,Golden Retriever
Dog,Layla Bo Peep,Layla,4 Months,Puggle
Dog,Rocky,Rocky,12,Beagle Mutt
Dog,Tillith,Tilly/TillBear,8,Hound Mix
Dog,Rollo,Rollo,3.5,Yellow Lab
Dog,Nisku,Nisku,2,G-shep Mix
Dog,Sadie Jo,Sadie or Tato,5,Yellow Labrador Retriever
Dog,lady,lady,9,Bernese Mountain Dog
Dog,Sammy Q,Sam,10,Golden Retriever Mix
Dog,Oliver Phish,Oliver,2,Pit Bull Mix
Dog,Cleopatra,cleo,6,Italian Mastiff
Dog,Birdie,Birdir,1,Labradoodle
Dog,Murphy,Murph,7 Mo,Golden Retriever
Dog,Ryder,Ryder,14,Yellow Lab Mix
Dog,Talani Snowmageddon,Milo,4.5 Mos,Golden Retriever
Dog,Winnie the Blue,Winnie,11 Months,Pit Bull
Dog,Scarlett,Scarlett,3 Months,Cavalier King Charles Spaniel
Dog,Gus,Gus,11,Golden Retriever
Dog,Dixie Marie,Dixie,8,St. Bernard
Dog,Heidi,Heidi,2,St. Bernard
Dog,Phin,Phin,2,St. Bernard
Dog,Jager,Jager,12,Labrador Retriever
Dog,Brown Bear,Bear,7,
Dog,Lucy,Lucy,4,Golden Retriever
Dog,Kahlua,Chicky-chix,10monthd,Mutt
Dog,Baylei,Stinky,1 Year,Silver Lab
Dog,Baylei,Stinky,1 Year,Silver Lab
Dog,Rocky,Rocky,5,Pit Bull/lab Mix
Dog,Abigail,Abby,4,Pit Bull
Dog,Kira,Kira/Squishy,15,Beagle
Dog,Sammy,Sam sam,6,Golden Retriever/lab Mix
Dog,Piper Marie,Piper,4,Newfoundland Mix
Dog,Charlene,Charlie,12,Lab Mix
Dog,Thor Mighty God of Thunder,Thor,9,Daschund Mix
Dog,Cody Anne,Cody,2,Golden Retriever
Dog,Tessa,Tessa,11,German Shepherd Dog
Dog,Lily,Lily,10,Shepherd Chow Mix
Dog,Butters,Butters,9,Shepherd Mix
Dog,Marigold,Marigold,8,Heinz 57 Mutt
Dog,Prince Romeo,Romey,8,Miniature Pinscher
Dog,"Snickers the First, Head Woofer",Snickers,6,Yorkiepoo
Dog,Lucky,Lucky,3,Lab/blue Heeler/mixed Breed
Dog,Ares,Ares,8,Olde English Bulldog
Dog,Maximillian,Max,13,Golden Retriever
Dog,Rogue,Rogue,6,Border Collie/weimerheimer/mixed Breed
Dog,Ace,,1,American Hairless Terrier
Dog,Ava,,4,American Hairless Terrier
Dog,Winnifred,Winnie,6,Shih-tzu Poodle Mix
Dog,Mika,Mika,8,Pit Bull/lab Mix
Dog,Charlie Elizabeth Begonias,Charlie,5,Labradoodle
Dog,Jack Ass,"Jack, Jackie",5,Border Collie Australian Shepherd Mix
Dog,Dan,Digger,13,Pug
Dog,Koko,Koko,4,French Bulldog
Dog,Archibald,Archie,2,Golden Retriever
Dog,Sassie,Sassie,19,Poodle
Dog,Zoe,Zoe,12,Shih Tzu/ Poodle
Dog,Bobo,Bobes,10,Mutt
Dog,Isiah Thomas,Izzy,3 Months,Maine Coon
Dog,Sir Pete the Pup,Pete,12,Chihuahua
Dog,Roux Stir,Roux,8,Catahoula Mix
Dog,Lucy Scramble,Lucy,5,Boxer
Dog,Junebug,Junebug,10,Shepherd Mix
Dog,Crinkle,Crink-a-dink,7,Rhodesian Ridgeback
Dog,Smokey,Spooky,14,Mutt
Dog,Daisy May,Daisy,3,Lab Mix
Dog,Crimson,Crimson,9,Beagle & Lab/german Shepherd Mix
Dog,Tide,Tide Dog,9,Beagle & Lab/german Shepherd Mix
Dog,Sophie,Sophie,10,Lab & Jack Russell Mix
Dog,Sir Nigel Petrie of the Poofybottom Clan,Nigel,12,Pomeranian/terrier Mix
Dog,Tobi,"Bobo, Tib Tob, Tibbi Bibbi, Corn Chip",10,Newfoundland/st. Bernard
Dog,Bruin,Bru,7,Golden Retriever
Dog,Lucinda Jean,Lucy,1,Golden Retriever
Dog,Dave,Dave,4.5,Golden Retriever
Dog,Harper Valley,Harper,3 Months,Dachshund
Dog,Buster Brown,Buster,11,"Mutt (boxer, Pug, Beagle, Boston Terrier Mix Possibly)"
Dog,Leila,Leila!!,5,Pointer
Dog,Trixie,Trixie Treat,3,Golden Retriever
Dog,Archer,Archibald,9,Lab Mix
Dog,Josie Pancakes Fluffybottom,Josie,8,Heinz 57
Dog,Zeus,Zu,1 1/2,Great Dane
Dog,Shooter,Shooter,8,Blue Heeler
Dog,Ellie,Ellie,8,Yellow Lab
Dog,Macie,Mace,8,Golden
Dog,Maddie,Bubbis,17,Shih Tzu
Dog,Squirt,Squirt,7,Bulldog
Dog,Samantha Marie,Sammie,8,Mutt
Dog,Quincy,Quincy,5,Chow Mix
Dog,Cajun,Cajun,6 1/2,Golden Lab Mix
Dog,Duke,Dukie Doo,3,Pit Bull
Dog,Daisy,Daisy Dee,3,Pit Bull
Dog,Nico,Nico,4,Pug/boston Terrier Mix
Dog,Chance McCoy,Chance,10,Golden Retriever
Dog,Kobi,Kobi,11,Pit Bull Mix
Dog,Maila,Maila Moose,1,South African Mastiff
Dog,Phineas,Phin,3,Lab
Dog,Cody,Vody,20,Labrador Retriever
Dog,Perry,Perry,3,Lab
Dog,Call it a night Sir Dudley,Dudley,5,Golden Retriever
Dog,Madison Brooke,Maddy,7,Foxhound Mix
Dog,Like Francis,Luke,8,Treeing Walker Coonhound
Dog,Pilikia,Pili,14,Chihuahua
Dog,Mia Pieper,Mia,3,Black Lab/ Greyhound Mix
Dog,Pepper Potts,Pepper,6,Golden Retriever
Dog,Scruffy,Scruffy,,Mutt
Dog,Princess Jessi,Jessi,7,
Dog,Mowgli,,1,Lab
Dog,,,2,Lab
Dog,Wille,Willie,8,
Dog,Otto,Otto,1.5,Doberman/basset Hound
Dog,Optimus,Opti,7,Maltese
Dog,Memphis Mumford,Memphis,2,Cane Corso Mastiff
Dog,Louie,Louie,6,Lab/bloodhound Mix
Dog,Anna,Anna,5,
Dog,Chester,Chester,13,Nova Scotia Duck Toller
Dog,Zeus Theodore,Zeus,7,Schnoodle (schnauzer/poodle)
Dog,Ripley,Ripley,13,Golden Retriever
Dog,Beau,Beau Beau,4,Goldendoodle
Dog,Lucy,Lucy,9,Golden Retriever
Dog,Penelope,Penny,3,Maltese
Dog,Callie,Cal,4,Golden Retriever
Dog,Jake,Jakey poo poo head,2,Goldendoodle
Dog,Willie,Willie,2.5,Lab Mix
Dog,package,package,1,Dalmatian Mix
Dog,Luna,Luna,5,Yorkie
Dog,Delilah,Lila,4,Lab
Dog,Josephine,Josie,4,Border Collie/pit Mix
Dog,Russell D.,Rusty,9,Mutt
Dog,Excalibur Insubordinate O‚ÄôMallie IX,Cali,2,Golden Retriever
Dog,Darth Vada Mae,Vada,7,Border Collie/corgi
Dog,Butterscotch,Butters,9 10,Mutt
Dog,Emma Jean Jelly Bean,Emma,13,Shih Tzu
Dog,Rigby,Rigs,6,Boston Terrier
Dog,Sir Scribbles Of the Shire,Scribbles,5,Shih Tzu/corgi
Dog,Tele,Tele,11,Lab
Dog,Maggie,Pooper,14,Dachshund
Dog,Daisy Mae,Daisy,11,Golden Retriever
Dog,Bug,bug,6,Jack Russel Mutt
Dog,Rayven,Ray,6,German Shepherd
Dog,puppy girl,puppy,4,Jack Russell
Dog,beyonc√©,beyonc√©,2,Chihuahua
Dog,Pippa Mad,Pippa,2,Havanese
Dog,Tails Balboa,Tails,14,Chihuahua
Dog,Tara Balboa,Tara,6,Chihuahua
Dog,Mia,Mimi,1,Chihuahua
Dog,Slainte,Slainte,12,Chiweenie
Dog,Clyde Frog the Dog,Clyde,3.75,Yellow Labrador
Dog,Asher,Ashie,9,Golden Retriever
Dog,Miley,Miley,13.5,Mutt
Dog,Suzie,Suzie,5,Chocolate Lab
Dog,Joshua,Joshie,9,Golden Retriever
Dog,Kona Kai,Kona,2,"Mutt: Half Terrific, Half Amazing (most Likely Golden Retriever/german Shepherd"
Dog,Charlie,Charlie,11,Boston Terrier X Pug
Dog,Lucky,Lucky,4,Lab Retriever
Dog,Lily Ann,Lily,3,Golden Retriever
Dog,Robbie,Robbie,10,West Highland White
Dog,Chance,Chance,4,Lab Retriever
Dog,McGregor,Gregs,11,Scottish Terrier
Dog,Maggie,"Mags, maggals",6,Corgi
Dog,Boo Radley Beauregard,Boo,5,Hound Mix
Dog,Jean Louise,Scout,2.5,Golden Retriever
Dog,Java Joe,Joe,7 Weeks,Corgi
Dog,Heidi hoho,Heidi,7,Rescue
Dog,Finlay Heisenberg,Finn,8,Shetland Sheepdog
Dog,Nala Belle,Nala,11,Golden Retriever
Dog,Matelin Paco Junior,Mate,9,Australian Shepherd
Dog,Eddie,Eddie,8,Chihuahua
Dog,Sir Thompson Squigglebutt,Tommy,7,Chihuahua
Dog,Miss Kasey Bubbles,Kasey,8,English Setter
Dog,Angel,Angel,9,Golden Retriever
Dog,Loosie,Goose,15,Whippet
Dog,Sophie,Sophie,14,Whippet
Dog,Douglas,Douglas,10,Basset Hound
Dog,Zoi,Z,1,English Setter
Dog,Jasper,Jasper,14,Whippet
Dog,Rupert,Roo,3,Basset Hound
Dog,Spencer,Spence,10,Pointer
Dog,Sir Clyde Bootsie Sideeye,Clyde,11,Chihuahua
Dog,Daisy Mae,Daisy,7,Goldendoodle
Dog,Teddy Bear,Teddy,11,Chow Chow/australian Shepard
Dog,Edward Gene,Eddy,15,Golden Retriever
Dog,Peaches Monroe,Peaches,4,Jack Russell Terrier
Dog,Sir Nicholas,Nick,9,Corgi/jack Russell
Dog,Eowyn,Eo,13,Shih Tzu
Dog,Jayden,Denden,8,Shih Tzu
Dog,Joey,Jo,1,Golden Retriever
Dog,Walker Texas Ranger,Wally,1,Labrador Mix
Dog,Mike Mussina,Moose,1,Labrador Mix
Dog,Demon Deacon,Deke,13,Golden Retriever
Dog,benny the tiny von hudehoff,benny,5,Yorkshire
Dog,Jacky,Jack,3,Golden Retriever
Dog,Gigi,Gigi,10,Golden Retriever
Dog,Liontamer‚Äôs Nelson M Mandela,Nelson,2,Rhodesian Ridgeback
Dog,Toby,Toby,12,Golden Retriever
Dog,Sugar,Sugar,13,Mix
Dog,Mackley,Mackey,4,American Bulldog
Dog,Sugar,Sugar,5,Golden Retriever
Dog,Minnie,Minnie,10,Min Pin
Dog,Meeko letang,Bubby,3,Rough Collie
Dog,Oddjob,Jobby,11,Puggle
Dog,Charleston Wesley,Charlie,1,Goldendoodle
Dog,Shelby,Shelb,3 Months (puppy Puppy!!!!),Mutt
Dog,Barracuda,Cuda,3 Months,Gsd Mix
Dog,Daisy,Daisy,5,Chocolate Lab Mix
Dog,Moose Van Haus Huenink,Moose,3,Rottweiler
Dog,Princess Bella Marie,Bella,11,Mini Dachshund/beagle Mix
Dog,Geno Stoneycreek Pugh,Beans,2,Rottweiler
Dog,Sadie Mae,Sadie,6,German Shorthaired Pointer
Dog,Ruby Sue,Ruby,3,Blue Tick Coon Hound
Dog,Zoey,Zoey/zozo,8,Golden Retriever
Dog,Apollo,Apollo,10,Boxer
Dog,Petey,Pete,11,Lab Mix
Dog,Sadie Blue,Sadie,9,Border Collie Mix
Dog,Mira,Weetum,13.5,Lab/greyhound
Dog,Ginger,Ginger,We Aren‚Äôt Sure- Around 8-10,Staffordshire Mix
Dog,Hairy Potter,Hairy,12,Smol Terrier
Dog,Cricket,Crickita,Deceaced 12  :(,"Half Schitzu, Half Long Haired Miniature Dachshund"
Dog,Xenia Marie,Xenia,8,German Shepherd
Dog,Daisy Mae,Daisy,12,Cairn Terrier
Dog,Skylar,Sky dog,15,Mini Aussie
Dog,Maybus Dogstoevsky,Maybe,11,Treeing Walker Coonhound
Dog,Kahlua,"Louie, LouLou, KaHULA, FlufferNutter",7,Mini Aussie
Dog,Maggie pie thatcher,Maggie,4 Months,Blue Lacy
Dog,Ashildr,Ashy,1,Boxer
Dog,Elsa,Stinky poo poo,4/1/02,German Shepherd
Dog,Belle,Stinky poo poo too,4/1/02,Golden Retriever
Dog,Zeus,Zeusy,8,Jack Russel Mix
Dog,Molly,Miss Pants,6,Lab Mix
Dog,Chip,"Chippy, Chipper, Dumbo, or Chipper Dipper",13.5,Yellow Lab
Dog,Chewustuffer Asshole,Chewy,2,Golden Retriever
Dog,Sailor Moon,Either Sailor or Moon,4,Newfoundland
Dog,Navigator‚Äôs Sipsey River PrinceS,Sipsey,11,Labrador Retriever
Dog,Buddy,Bud,9,Border Collie
Dog,Brown Butter Biscuit,Biscuit,12,Labrador Retriever
Dog,Millie,Lil mil,13,Shih Tsu Cross
Dog,Jonah,Jonah,5,Lab/collie
Dog,Diggs,Diggs,9,Australian Cattle Dog
Dog,Herman,"Hermie, Herm-Derm, Herbie, Herm-Worm",14,Dachshund
Dog,Datsyuk,Datsyuk,8 Mos,Shepherd Mix
Dog,Nightwing,Nightwing,6,Lhasa Apso / Maltese
Dog,Isabella,Bella,5,German Shepard/ Australian Shepard
Dog,Princess Buttercup,Princess,4,Lhasa Apso / Maltese
Dog,Sir Jake of Zoar,Jake,11,Yellow Lab
Dog,scout,scout,6,King Charles
Dog,Aluxe,Aluxe,14,Poodle
Dog,brownie,brownie,11,King Charles
Dog,Shelby May,Shelbs,6  And 1 Month,Terrier Mix
Dog,Mr. Henry Midas Darcy,Henry,7,Golden Retriever
Dog,Annie Reese,Annie,11,Husky/corgi Mix
Dog,Blackjack,Blackjack,3,Lab And Pit Mix
Dog,Jaden,Jaden,,8 Years
Dog,Sophie,Soph,9,Golden Retriever
Dog,Petey,Petey,11,Golden Retriever
Dog,Jack,Jackson,11,Golden Retriever
Dog,Bella,Bell,8,Puggle
Dog,Starsky Buford,Starsky,7,Foxhound (i Think)
Dog,Quito,Kiki,4,Lab/apbt/great Dane/gsd/australian Cattle Dog/rottweiler (embark Confirmed)
Dog,Wiggins,Wiggs,3,Black Lab Basset Houd Mix
Dog,Bella,Smelly Belly,13,Weimaraner
Dog,Maple,"Mapie, Mapes",5 Months,Shiba Inu
Dog,Sara,Sara,7,Polish Tatra Sheepdog
Dog,Clementine,Clem,5.5yrs,Coonhound
Dog,Ali May,Ali,12,Lab Mix
Dog,Aspen,Ass-pen,3y,Coonhound
Dog,Amber,Amber,2,German Pointer
Dog,Coquine,Ti-Chat,15,Maltese
Dog,Medley May,Med head/big medley,8,Great Dane
Dog,Maggie,Mag bag,3,Great Dane
Dog,Finn Jethro,Finny,7,Poodle
Dog,Tallulah Lilac,Lulah,4,Poodle
Dog,Bear,Bear,6,Husky - Shepherd - Collie
Dog,Emily,Emily,7,American Pitbull Terrier
Dog,Winifred Yankeestaff Arnone,Winnie,13,English Staffordshire Bull Terrier
Dog,Bella,Bella,9,Shih Tzu
Dog,Mocha Latte,Moch,2,Retriever/pitbull
Dog,Bentley Rockstaff Jardine Arnone,Bentley,10 Months,English Staffordshire Bull Terrier
Dog,Freddie Mercury,Freddie,15,Mini Schnauzer
Dog,Einstein Pancake,Einstein,11,Shih Tzu/ Poodle
Dog,Sir Eggs Benedict,Benny,2.5,Pembroke Welsh Corgi
Dog,Bandit,Ban ban,8,Husky
Dog,Mac,Mac,5,Border Collie
Dog,Shepherd E Stoltzfus,Shep,5,Border Collie
Dog,Cinnamon,Chinamon,4,Golden Lab
Dog,Rocky Ciroc,Ciroc,6,Bichon Frise
Dog,Jack,Jack,2,Miniature Dachshund
Dog,Baldrick of Blackadder Bob,Bob,14,Miniature Schnauzer
Dog,Danny,Danny,,Pomeranian - Indian Mongrel Mix
Dog,Troy,Sweetie,9,Pit Mix
Dog,Lavender,Lav,8,Pit Bull
Dog,Buddy,Mr. B,6,Golden Retriever
Dog,Chase,Chase,6,Boxer
Dog,Charlotte,Charlie,8 Human,Mostly Border Collie (though She Does Not Behave Like One)
Dog,Ice,Ice,14,Sharpei/dachshund Mix
Dog,Dolly,Dolly,7 & 1/2 Months,Lab Mix
Dog,Geoffrey,Geoffrey,1,Maltipoo
Dog,Holly,Holly,8.5,Golden Retriever
Dog,coco pollybird,coco,10,Cocker Spaniel
Dog,Tim,Tim,12,Beagle
Dog,Magui Josefina Primera Mercado,Mo√±o√±ito,16,English Cocker Spaniel
Dog,Scooby,Scoob,Unknown,American Cocker Spaniel
Dog,Balto Jos√©,Bartolo,Six,
Dog,Xena Badass McAwesome Princess Flufflepuffs of the Ashen Fields of Mordor,Xena,6,Golden Retriever
Dog,Wilbur,Wilby,6,French X British Bulldog
Dog,Rowena Ravenclaw,Puppy,3,Rhodesian Ridgeback
Dog,Magnificent,Maggie,7,King Charles/papillon Mix
Dog,Nova,Scoosh,7 Months,Cocker Spaniel
Dog,Penny,Penny,12,Ray Terrier
Dog,Maisie taters,Maisie,2,Hound Mix
Dog,Guinness,Guinness,9,Australian Shepherd
Dog,Johnny Bee,Johnny,5,Boxer Mix
Dog,Mayflower,May,12,Labrador
Dog,Roscoe,Roscoe,13,Beagle
Dog,Ashley,Ashley,5,English Cocker Spaniel
Dog,Janis,Janis,7,
Dog,Leonardo,Leo,7,Pekingese
Dog,Ceili Kibbles,Ceili (pronounced K-Lee),10,Golden Retriever
Dog,Charlie,Charlie,5 Months,Bernese Mountain Dog
Dog,Mango,Mango,2,
Dog,Rufus,Roofie,14,Golden Retriever
Dog,Daisy,Daze,4 Months,Golden Retriever
Dog,Lily,Lils,13,Golden Retriever
Dog,Bertie,Bertie Boy,4 Months,Golden Retriever
Dog,Max,Bear,7,Akita
Dog,Molly,Moo,7,Beagle
Dog,Poppy,Poppy dog,2,Golden Retriever
Dog,daisy,Daisy dog,2,Golden Retriever
Dog,Koda,Koda,9,Golden Retriever
Dog,Elwood,Elwood,9,Golden Retriever
Dog,Jake,Jakey,9,Golden Retriever
Dog,Miles,Miles,8,Labrador
Dog,Indiana,Indy,10,Springer Spaniel
Dog,Maximus Harvey,Max,2,Golden Retriever
Dog,Douglas Ray Richardson the Third,Doug,6,Red Heeled
Dog,Harley,Gnarly,4,Pug
Dog,Buster,Busty,14,Jack Russell
Dog,Alfie,Alfie Dude,14,Jack Russell
Dog,Mila,Mila,9,Mixed Breed Boomer
Dog,Zero,Boydog,10,Rhodesian Ridgeback
Dog,Bella Nina; Thomas James; Archie,Bella; Tom; Archie,7yrs; 4yrs; 4mos,German Shepherd X Border Collie; Not Sure; German Shepherd
Dog,Briggs,Briggy,10,Lab Mix
Dog,Mya (The Dog),My,13,Yellow Lab
Dog,Neela,Neely,8,Shih Tzu
Dog,Hank,Hankle,2,Blue Heeler/australian Shepherd
Dog,Button,Button,7,Cockalier
Dog,Missy Princess,Missy,14,Cocker Spaniel
Dog,Prince,Prince,7,German Shepherd/golden Retriever
Dog,Samuel,Sam,8,Golden Retriever
Dog,Precious Fudge,Miss Precious,12,Chocolate Lab/collie
Dog,truffles,truffs,11,Chocolate Poodle
Dog,woodland,woody,4,Long-haired Chihuahua
Dog,Heath M&M,Mr. Peaf,8,Australian Cattle Dog
Dog,Mosley,Mr. Mosley,6,Pitbull/terrier
Dog,Peter,Mr. Peter,3,
Dog,Sammy,Sammy,12,Shi Tzu Mix
Dog,Theodore Barkalot,Teddy,8,Bichon Havanese
Dog,d'Artagnan,Dart,17,Pug
Dog,Celsius Pele Amadeus Cartier,Celsius,11,Black Labrador Retriever
Dog,Lando Calrisian,Lando,4,Labrador
Dog,Obi-Wan,Obi,2,Labrador
Dog,Titus Sirius Icarus Cartier,Titus,10,Black Labrador Retriever Mix
Dog,Samuel T Dogg,Sam,8() (rescue),Labrador
Dog,Oreo Ann,Oreo,11,
Dog,Oliver,Ollie,7,
Dog,Stamford,Stamford,10,Bichon Frise Cross
Dog,Bentley,Bentley,4,Chocolate Lab
Dog,Lulu,Lulu,10,Jack Russell
Dog,Ella,Elephant,8,Retriever X Labrador
Dog,Roxy,Roxy,5,German Shepherd
Dog,Desmond,Dez,8,English Black Labrador
Dog,Stella,Stella,9,Hunterway X Collie
Dog,Sheena,Beena,12,Golden
Dog,Perry the Poodle,Perry,2,Standard Poodle
Dog,Cody the Corgi,Cody,3,Pembroke Welsh Corgi
Dog,Ginevra Molly,Ginny,18 Weeks,Golden Retriever
Dog,Riley,"Riley or Ri (pronounced RHY), but then there‚Äôs a bunch of nicknames like (Riley Roo, Roo, Ri Ri, Bud, Buddy, Bub, etc)",4,Husky
Dog,Cleopatra,Cleo,3,Greyhound
Dog,Coco,Coco,10,Corgi
Dog,Captain,Captain aka Cappie,14,Husky
Dog,Buddy,Buddy,8,Mutt
Dog,Magnolia Mae,Maggie,2,Corgi
Dog,Sam,Sammy,5,Border Collie
Dog,Zoey,Zo,4,Mutt
Dog,Chip,Chippers,2 Yo,Golden Retriever
Dog,Snickers,Snick,8,Labrador
Dog,Max,Max,12.5,Labrador
Dog,Leeloo,Leeloo,2,Labradoodle
Dog,Owen,Owen,13,Ridgeback
Dog,Daisy May,Daisy,11,Golden Retriever
Dog,Sunshine,Sunny,4,Pyrador
Dog,Freskin,Fattima Bouffants,13,Black Labrador Retriever
Dog,Philippa,Pippa,4,American Hairless Terrier
Dog,Lillie (Lilian now that she‚Äôs older),Lillie,5,Boxer
Dog,"Dr. Wolf Barker, MD PhD DOG",Wolfie,7,Mix
Dog,Toby,Tobias,10,Bichon Frise
Dog,Alice,Alicima Bouffants,11,Bichon Frise
Dog,DeeDee,Deedle Dumpling,10,Bichon Frise
Dog,Oliver,Oliver,12,Bichon Frise
Dog,Reuben,Reuben,12,Bichon Frise
Dog,Mowgli,"Mowgli, Mr. Tude (when he's sassy)",3 1/2,Yorkiepoo
Dog,Toby,Toby,12,Labrador Retriever
Dog,Buddy,Buddy,11,Mutt/mixed
Dog,Bella Sitka LASTNAME,"Bell, Bella, Pretty",15,Mianture American Eskimo
Dog,Monty,Montgomery of Fitzgerald,8,Labrador Retriever
Dog,Luna Lastname,"Luna, Loon, Loonie, Miss Loon, Wiggles",9 Months,Doxin
Dog,Echo Last Name,Echo,12,Mianture American Eskimo
Dog,Nuffin,Nuffin,6,Golden Retriever
Dog,Mars,Chano,9,Corgi
Dog,Calhoun Richard Anderson du Nord,Cal,3.5,Golden Retriever
Dog,Charlie Brown,"Charlie, Charizard, Charles",10,Labrador Retriever
Dog,Bixby Lucas,Bixby,1,Black Lab
Dog,Taco,"Taca Taca, snorticus",13,French Bulldog/boston Terrier Mix
Dog,Belle,Jelly Belly,3,Beagle Mix
Dog,Jimmy,Jimmy,3,Jack Russell Terrier
Dog,Miles,Miles,10,Redbone Coonhound
Dog,Eleanor Rose,Elly,5,Golden Retriever
Dog,Cooper Jay Nigel Winston,Cooper,8,Yorkie Mix
Dog,Buddy Augusto,Buddy,14,Cocker Spaniel
Dog,Dash,Dash,7,Pit Bull Mix (and Very Good Boy)
Dog,Opie,Dope/ Opie,11,Golden Retriever
Dog,Georgia,Georgia,3,
Dog,Dino,Dino,30 (deceased At 13),Keeshound
Dog,Penny,Penny,10,"Beagle, Miniature Pinscher"
Dog,Alex‚Äôs Fiesty Girl Bailey Balogh,Bailey,10 1/2,Golden Retriever
Dog,Rey,Reymundo,2.5,Jack Russell/chihuahua
Dog,Uwe,Uwe,4,Golden Boy
Dog,Millie Betty,Mill,1.5,Dalmatian
Dog,Henry,Henny,1 Year,Dalmatian
Dog,Daisy May,Daisy,13,Mutt
Dog,Chamomile June,Cammie,9,Cocker Spaniel
Dog,Chapman,Chapman,15,Black Lab
Dog,Tucker,Tucker,9 Months,Mini Australian Shepard
Dog,Chappelle,Mutt,7y 9 Mo,Dachshund And Tibetan Spaniel
Dog,Bella,Bella,11,Greater Swiss Mountain Dog
Dog,Toby Wan Kenobi,Toby,1,Golden Retriever
Dog,Daisy,Daisy,12,Labrador
Dog,Beaucoup du Chien,Beau,,Newfoundland
Dog,Pumpkin,Pumpkin,,Yellow Labrador
Dog,Poquit,Poquit,,Chocolate Lab
Dog,Rosie,Rosie,9,Golden Retriever
Dog,Murphy,Murphy,10,Yorkshire Terrier
Dog,Giacomo Science,Giacomo,6,Bernese Mountain Dog
Dog,"Zuul, minion of Gozer",Zuul,5,Pitbull/boxer Mix
Dog,Trogdor Jealous,Dora,14,Mix
Dog,Professor Tuxedo,Tux,1,Bernese Mountain Dog
Dog,Bodie,Bodie,8,Golden Retriever
Dog,Zoey,Zoey,5.5,Labradoodle
Dog,Joel Carlos,Joel,3,Beagador
Dog,Lola,Lola,1,English Cocker Spaniel
Dog,Rufus,Rufus,15,Cairn Terrier
Dog,Sadie,Bubba,12,Golden
Dog,Zoey Deschanel,Zo,12,Bichon Frise
Dog,Cooper,Coop,6,Golden
Dog,Captain Goose,Goose,1,Who Knows? (foster)
Dog,Mr Doctor Professor Constable Detective Brick,Brick,8,British Bulldog
Dog,Ellie Sattler,El,1,Pibble
Dog,Juke,Juke,4,Dachshund
Dog,Blue,Blue,6 Months,Chocolate Lab
Dog,Kiefer Bartholomew,Kief,9,Belgian Shepard
Dog,Jackson,Jax,5,Labradoodle
Dog,Zeta bear,Bear,6,German Shepherd
Dog,Minnie,MinniePin,2,Mutt
Dog,Dixie,Dixie,15,Shepherd Mix
Dog,Rosa Barks,Rosie,11,Shih Tzu
Dog,Charlie,Charlie,10 Weeks,Cavapoo
Dog,Jack Dog,Jack,16,Mutt
Dog,Timon,Timon,3,Mutt
Dog,Leila Fowler-Martinez,Leila or Pinche Leila,7,
Dog,Tubu,Tubu,11,Chihuahua
Dog,Goodness Gracious,Gracy,12,Shih Tzu
Dog,Monkey,Monkey,11,Australian Shepard/rottweiler
Dog,Rosie,Rosie Posie,,Golden Retriever
Dog,Scirocco Augustus,Rocco or Crocco,5,Treeing Walker Coonhound/ Chinese Sharpei
Dog,Heavy Duty Puppy,Duty,4,Sheltie (he Was An ‚Äúanti‚Äù-runt Of The Litter)
Dog,Siena Rosa,Siena,12,Golden Retriever
Dog,"Buttercup Maplesde, zuez Maplesden, Bella Maplesden, Hercules Maplesden","Butternut, zuzy , Bella, Hercules.",2.5 Yrs 2.5 Yrs 2 Yrs 2 Yrs,Unknown Unknown Bali Dog Mix And Tabby Cat
Dog,,,,
Dog,,,,
Dog,Ghia Lynn,Ghia or Geeg,1,Border Collie/ Chinese Sharpei
Dog,Delilah,Lilah,7,Beagle
Dog,Treacle,Treacle,10,Border Collie Cross (mongrel)
Dog,Sam,Sam,11,Labrador
Dog,Tyson,"Tysbert, T McT, Mucki, Muckelbert, Muckmuck, Maggey",14,Rottweiler-german Shepherd-mix
Dog,Parker,Parker,11,Goldendoodle
Dog,Captain Avro Clarence,Avro,6,Schnauzer
Dog,Carlene,Weentz,4,Mutt
Dog,Linda,Linda,10,West Highland White Terrier
Dog,Toby Wooferton,Toby,18,Mix
Dog,Sacha,Fjollehoved (Danish for goofball),13,Dog (golden Labrador Retriever)
Dog,Snickers,Snicks,14,Labradoodle
Dog,Sherlock Bones,Sherlock,4,Pit Bull Mix
Dog,Irene Adler,Addie,8,Bulldog
Dog,Wallace,Wally,2,Labradoodle
Dog,Dude,Handsome,2.5,Labrador Retriever
Dog,Bailey,Bailey,9,Golden Retriever
Dog,Willow,Sweetie,6,Labrador Retriever
Dog,Philistine Smoosh,Bill,14,Jack Russell Terrier
Dog,Henry Nacho,Henny,8,Golden Retriever
Dog,Maximilian Kolby,Maxy,16,Golden Retriever
Dog,Argos,Argos,6,Mix
Dog,Madeline Grace,Ma ma,15,Golden Retriever
Dog,Elvis,Elvis,11,Cockapoo
Dog,Coconut Butter,Coco,5,Mix
Dog,Lucy-fur,Lucy,12,Golden Retriever
Dog,Sophie Grace,Soph,13,Brindle Black
Dog,Prince,Prince,14,"Poodle, Shih Tzu And A Misc Terrier/sporting Breed Mix"
Dog,Jackson Buttsickle,Jacks,4,Mix
Dog,Lassie,Lass Lass,14,Moth Eaten Carpet
Dog,Charles Xavier II,Charlie,4,Great Pyr
Dog,Caroline,Caroline,5,Purebred Alabama Mutt
Dog,Beau,"Goomby, Mr. Beauregard",4,Golden Retriever
Dog,Lindon,Lindy loo,10,Pit Bull/lab Mix
Dog,Tedward,Teddy,4,Shi Tzu Mix
Dog,Zuzu,Zu,4,Shih Tzu X Bichon
Dog,Marcus Brutus,Brutus,4,Boxer
Dog,Brownie Leigh,Brownie,3,Golden Shepherd
Dog,Jersey Girl,Jersey,11,Husky/malamute/sneaky Neighbor's Dog Mix
Dog,Stella,Stells,10,Goldendoodle
Dog,Lizzie,Lizzie Pie,6,Husky/sneaky Neighbor's Dog Mix
Dog,Roxy,Roxy Socks,1,Mutt
Dog,Coco Murfree,Coco,9,Border Collie
Dog,Ozzy,Ozlet,1,Minnie Australian Shepherd/cockapoo
Dog,Winston Pigaloo,Winston or Lewis,6,Pug
Dog,Noodle,Noodle / Weenie,13,Weiner Dog
Dog,Phantom,Phantom,5,Staffordshire Pit Bull
Dog,Ellen Park,Ellen,3,Grey
Dog,Spud,Schmoops,1.5,Pembroke Welsh Corgi
Dog,FN 2187,Finn,1.5,Goldendoodle
Dog,Pisco,Pisco,5,German Wirehaired Pointer
Dog,Sadie,Sadie,3,Gsd
Dog,Lola,Loli Ravioli,9 Months,Golden Retriever
Dog,Addie Heart,Addie,8,Lab/chow Chow Mix
Dog,Ernie,"Ernburn, Erndog, Ernieworm",1,
Dog,Semaj,"Sammich, Dumbledork",4,Shih Tzu
Dog,Maya,"Little Miss Maya, Diva",8,Shih Tzu
Dog,Bijou,Bijou,12,Jack Russel Terrier X Toy Poodle
Dog,Pesto,Pesto,9 Months,Beagle
Dog,Maggie,Magz,Unknown,Eskimo Mix
Dog,Toby,Toby,1,Golden Retriever
Dog,Jacob Marley,Jake,6,Golden Retriever
Dog,Cujo,Bubby,11,Cocker Spaniel
Dog,Maizie,Maizie,4 Months,Mini Schnauzer
Dog,Bruce D4,Bruce,12,Dachshund
Dog,Jackie Kate,Jackie,5,Lab/beagle Mix
Dog,Daisy Bear,Daisy or Bear,2.5,German Shepherd
Dog,Tinker Stinker,Stinks,2.5,German Shepherd
Dog,Mile High Ice Storm,Miles,7,Golden Retriever
Dog,Breezy Bear,Breezy,1,Golden Retriever
Dog,Nara,Gorda,3,Australian Cattle Dog
Dog,"Wyatt Daniel, the Wild Corgo",Wyatt,2,Pembroke Welsh Corgi
Dog,,Petra,,Golden Retriever
Dog,Rosie,Rosie,10,Walker Hound
Dog,Lilly,Lilly,10,German Shepherd/husky/beagle/chow Chow
Dog,Charles,Charles,12,Miniature Schnauzer/poodle
Dog,Pippa,Pip,1.1,Goldendoodle
Dog,Oliver,Ollie,Seven,Jack Russell Terrier
Dog,Kiku,Kiku,3,Mutt
Dog,Brandy,Brenda,10,Havanese
Dog,Bobby,bobkin,8,Shih Tzu
Dog,Emma,Emma,12,Shih-tzu Poodle Mix
Dog,Bessy,Bess,10,Labrador
Dog,Dakota,"Woobis, Woobie",13,Mix
Dog,Altrichter,Cooper,9,Golden Retriever
Dog,Tucker,Tuck,7,Golden Retriever
Dog,Penny Bellew,Penny,6,Labrador
Dog,Morena,Morena,2,Corgi
Dog,Brownie,Bub,13,Maltipoo
Dog,Mose Schrute,Mose,2,German Shepherd
Dog,Rocky,Rocky,6,Corgidor
Dog,Tyler John (had to give him a middle name for when he was in trouble),Ty,12,Rhodesian Ridgeback
Dog,Tux,Tux,9,Black Lab Mix
Dog,Ruby,Ruby,3,Coonhound/beagle
Dog,Pooch-K,Pooch-k the pooch,7,Mutt
Dog,Scooby,Scoobers,7 Months,Mutt
Dog,Lloyd,Lloyd,11,Golden Retriever
Dog,Ishka,Ish/Ishka,8,Golden Retriever
Dog,Millie,Millie,1.5,Border Collie
Dog,Rossa,"Ross, Rossy, Rossapoo",5,Golden Retriever
Dog,Wookie,Wookie,7,Goldendoodle
Dog,Tucker,Tucker,2,Lab
Dog,Keifer,Keifer,14,Yellow Lab
Dog,Frankie,Frankie,7,Husky Mix
Dog,Sammy,Sam,5,Jrt/miniature Pincher
Dog,Barrett,Barrett,3,German Shepherd
Dog,Benjamin,Benj,2,Border Collie/belgian Malinois
Dog,Laney,Laney,12,Golden Retriever
Dog,Dixie,Lady,3,American Pitbull
Dog,Diesel,Diesel,3,Pit Bull Mix
Dog,Baxter,Baxter,7.5,Golden Retriever
Dog,Riley Marie,Riley,13,Cocker Spaniel
Dog,Reginald Fonzerelli Hawkes,Reg,12,Goldendoodle
Dog,Erik,Earwig,4,Wirehaired Dachshund
Dog,Oliver,Oli,8,Jack Russell
Dog,Bilbo Spud Doggins,Bilbo,5,Corgi/cocker Spaniel Mix
Dog,Bailey Woofer,Bailey,13,Cocker Spaniel
Dog,Skyy like the vodka,Skyy,3,Husky
Dog,Malibu like the rum,Malibu,1,Golden Retriever
Dog,Golden Tate,Tate,2,Golden Retriever
Dog,Bear,Bear,7 Mo,Labrador Retriever
Dog,Stanley,Stan,6 Months,Miniature Schnauzer
Dog,Andromeda Mae,Andie,6,Goldendoodle
Dog,Eloise Gertrude,Ellie,2,Labradoodle
Dog,Lady Bonnie of Coventry,Bonnie,8,Black Lab Mix
Dog,Gibson,Gibby,2.5,Pit Bull Mix
Dog,Brewskie,Brew,11,Puggle
Dog,Koli,Koli,11,Yorker Terrier/silky Terrier Mix
Dog,Moxie Jean Narice,Moxie,1,German Shepherd Mix
Dog,Dancer Pants,Dancer,17,Havanese
